DROP SEQUENCE USER_INFO_SEQ;
DROP TABLE USER_INFO;

CREATE SEQUENCE USER_INFO_SEQ START WITH 1 INCREMENT BY 1 NOCACHE NOCYCLE;

CREATE TABLE USER_INFO (
    USER_ID NUMBER PRIMARY KEY,
    NAME VARCHAR2(100),
    BIRTHDATE DATE,
    AGE NUMBER(4),
    GENDER VARCHAR2(10),
    ADDRESS VARCHAR2(200),
    CONTACT VARCHAR2(50),
    HOBBY VARCHAR2(200),
    MBTI VARCHAR2(20)
);

INSERT INTO USER_INFO VALUES (USER_INFO_SEQ.NEXTVAL, '간성훈', TO_DATE('1999-02-10', 'YYYY-MM-DD'), 27, '남', '경기 성남', '010-3425-1903', '영화 감상, 음악 감상', 'ISFP');
INSERT INTO USER_INFO VALUES (USER_INFO_SEQ.NEXTVAL, '강성모', TO_DATE('1998-09-16', 'YYYY-MM-DD'), 28, '남', '경기 오산', '010-5505-3930', '유튜브', 'INTP');
INSERT INTO USER_INFO VALUES (USER_INFO_SEQ.NEXTVAL, '곽병헌', TO_DATE('1984-04-13', 'YYYY-MM-DD'), 42, '남', '서울 강남구 강남구청역', '010-5357-3792', NULL, NULL);
INSERT INTO USER_INFO VALUES (USER_INFO_SEQ.NEXTVAL, '김은진', TO_DATE('1991-04-10', 'YYYY-MM-DD'), 35, '여', '서울 중랑구', '010-3115-9557', '음악 감상', 'ENFJ');
INSERT INTO USER_INFO VALUES (USER_INFO_SEQ.NEXTVAL, '김주현', TO_DATE('1997-06-17', 'YYYY-MM-DD'), 29, '남', '경기 안산', '010-6866-9533', '넷플릭스, 유튜브, 운동', 'ISTJ');
INSERT INTO USER_INFO VALUES (USER_INFO_SEQ.NEXTVAL, '문채은', TO_DATE('2002-05-20', 'YYYY-MM-DD'), 24, '여', '인천 남동구', '010-3941-0760', '게임, 독서', 'INTP');
INSERT INTO USER_INFO VALUES (USER_INFO_SEQ.NEXTVAL, '박기민', TO_DATE('2001-01-31', 'YYYY-MM-DD'), 25, '남', '경기 화성 동탄', '010-5607-2765', '게임', NULL);
INSERT INTO USER_INFO VALUES (USER_INFO_SEQ.NEXTVAL, '박민수', TO_DATE('1999-02-27', 'YYYY-MM-DD'), 27, '남', '서울 강남구 논현동', '010-3952-3004', '게임, 요리, 영상 편집', 'ENTJ');
INSERT INTO USER_INFO VALUES (USER_INFO_SEQ.NEXTVAL, '박지연', TO_DATE('1999-11-15', 'YYYY-MM-DD'), 27, '여', '서울 광진구 건대입구역 인근', '010-2463-3752', '영화 감상', 'ISFJ');
INSERT INTO USER_INFO VALUES (USER_INFO_SEQ.NEXTVAL, '서지은', TO_DATE('1990-12-24', 'YYYY-MM-DD'), 36, '여', '경기 용인', '010-9536-9016', '음악 감상', 'ISFJ');
INSERT INTO USER_INFO VALUES (USER_INFO_SEQ.NEXTVAL, '성예찬', TO_DATE('1998-04-22', 'YYYY-MM-DD'), 28, '남', '서울 강동구', '010-9220-0193', '운동', 'ISTJ');
INSERT INTO USER_INFO VALUES (USER_INFO_SEQ.NEXTVAL, '오재덕', TO_DATE('1998-07-08', 'YYYY-MM-DD'), 28, '남', '서울 송파구 위례', '010-9476-1507', '게임', 'INFP');
INSERT INTO USER_INFO VALUES (USER_INFO_SEQ.NEXTVAL, '우규빈', TO_DATE('1004-10-04', 'YYYY-MM-DD'), 1004, '여', '서울 강남구 논현동', '010-1234-5678', '비밀', 'ENFP');
INSERT INTO USER_INFO VALUES (USER_INFO_SEQ.NEXTVAL, '윤의진', TO_DATE('2000-05-18', 'YYYY-MM-DD'), 25, '남', '서울 양천구 목동', '010-3036-4919', '독서', 'ENTP');
INSERT INTO USER_INFO VALUES (USER_INFO_SEQ.NEXTVAL, '이상엽', TO_DATE('2000-05-29', 'YYYY-MM-DD'), 26, '남', '경기 시흥', '010-5015-8663', '게임, e-book, 운동', 'ISTP');
INSERT INTO USER_INFO VALUES (USER_INFO_SEQ.NEXTVAL, '이승민', TO_DATE('1998-06-16', 'YYYY-MM-DD'), 28, '남', '경기 군포', '010-4627-5145', '게임', 'ISFP');
INSERT INTO USER_INFO VALUES (USER_INFO_SEQ.NEXTVAL, '이진용', TO_DATE('1987-04-26', 'YYYY-MM-DD'), 37, '남', '서울 동작구 사당', '010-8487-2265', '요리하기', 'INTJ');
INSERT INTO USER_INFO VALUES (USER_INFO_SEQ.NEXTVAL, '이환희', TO_DATE('1998-06-23', 'YYYY-MM-DD'), 28, '여', '서울 영등포구 선유도역', '010-3762-0417', '영화 감상', 'INTJ');
INSERT INTO USER_INFO VALUES (USER_INFO_SEQ.NEXTVAL, '장효준', TO_DATE('2003-10-26', 'YYYY-MM-DD'), 23, '남', '서울 강서구', '010-2029-3537', '그림', 'ISFP');
INSERT INTO USER_INFO VALUES (USER_INFO_SEQ.NEXTVAL, '전민철', TO_DATE('1993-03-28', 'YYYY-MM-DD'), 33, '남', '경기 성남', '010-2843-9223', '피파온라인4 게임 하기', NULL);
INSERT INTO USER_INFO VALUES (USER_INFO_SEQ.NEXTVAL, '전영현', TO_DATE('1995-08-08', 'YYYY-MM-DD'), 31, '남', '경기 화성', '010-2888-0038', '클라이밍', 'INFP');
INSERT INTO USER_INFO VALUES (USER_INFO_SEQ.NEXTVAL, '조규상', TO_DATE('1990-11-15', 'YYYY-MM-DD'), 36, '남', '서울 송파구 잠실', '010-9477-0689', '영화 감상', 'ENFP');
INSERT INTO USER_INFO VALUES (USER_INFO_SEQ.NEXTVAL, '최다인', TO_DATE('1997-07-18', 'YYYY-MM-DD'), 29, '여', '경기 성남 태평역', '010-5786-2172', '그림 그리기', 'INFP');

COMMIT;

DROP TABLE EMPLOYEE;
DROP TABLE DEPARTMENT;
DROP TABLE JOB;
DROP TABLE LOCATION;
DROP TABLE NATIONAL;
DROP TABLE SAL_GRADE;

--------------------------------------------------------
--  DDL for Table DEPARTMENT
--------------------------------------------------------

  CREATE TABLE "KH"."DEPARTMENT" 
   (	"DEPT_ID" CHAR(2 BYTE), 
	"DEPT_TITLE" VARCHAR2(35 BYTE), 
	"LOCATION_ID" CHAR(2 BYTE)
   ) SEGMENT CREATION IMMEDIATE 
  PCTFREE 10 PCTUSED 40 INITRANS 1 MAXTRANS 255 NOCOMPRESS LOGGING
  STORAGE(INITIAL 65536 NEXT 1048576 MINEXTENTS 1 MAXEXTENTS 2147483645
  PCTINCREASE 0 FREELISTS 1 FREELIST GROUPS 1 BUFFER_POOL DEFAULT FLASH_CACHE DEFAULT CELL_FLASH_CACHE DEFAULT)
  TABLESPACE "SYSTEM" ;

   COMMENT ON COLUMN "KH"."DEPARTMENT"."DEPT_ID" IS '부서코드';
   COMMENT ON COLUMN "KH"."DEPARTMENT"."DEPT_TITLE" IS '부서명';
   COMMENT ON COLUMN "KH"."DEPARTMENT"."LOCATION_ID" IS '지역코드';
   COMMENT ON TABLE "KH"."DEPARTMENT"  IS '부서';
REM INSERTING into KH.DEPARTMENT
SET DEFINE OFF;
Insert into KH.DEPARTMENT (DEPT_ID,DEPT_TITLE,LOCATION_ID) values ('D1','인사관리부','L1');
Insert into KH.DEPARTMENT (DEPT_ID,DEPT_TITLE,LOCATION_ID) values ('D2','회계관리부','L1');
Insert into KH.DEPARTMENT (DEPT_ID,DEPT_TITLE,LOCATION_ID) values ('D3','마케팅부','L1');
Insert into KH.DEPARTMENT (DEPT_ID,DEPT_TITLE,LOCATION_ID) values ('D4','국내영업부','L1');
Insert into KH.DEPARTMENT (DEPT_ID,DEPT_TITLE,LOCATION_ID) values ('D5','해외영업1부','L2');
Insert into KH.DEPARTMENT (DEPT_ID,DEPT_TITLE,LOCATION_ID) values ('D6','해외영업2부','L3');
Insert into KH.DEPARTMENT (DEPT_ID,DEPT_TITLE,LOCATION_ID) values ('D7','해외영업3부','L4');
Insert into KH.DEPARTMENT (DEPT_ID,DEPT_TITLE,LOCATION_ID) values ('D8','기술지원부','L5');
Insert into KH.DEPARTMENT (DEPT_ID,DEPT_TITLE,LOCATION_ID) values ('D9','총무부','L1');
--------------------------------------------------------
--  DDL for Index 엔터티1_PK2
--------------------------------------------------------

  CREATE UNIQUE INDEX "KH"."엔터티1_PK2" ON "KH"."DEPARTMENT" ("DEPT_ID") 
  PCTFREE 10 INITRANS 2 MAXTRANS 255 COMPUTE STATISTICS 
  STORAGE(INITIAL 65536 NEXT 1048576 MINEXTENTS 1 MAXEXTENTS 2147483645
  PCTINCREASE 0 FREELISTS 1 FREELIST GROUPS 1 BUFFER_POOL DEFAULT FLASH_CACHE DEFAULT CELL_FLASH_CACHE DEFAULT)
  TABLESPACE "SYSTEM" ;
--------------------------------------------------------
--  Constraints for Table DEPARTMENT
--------------------------------------------------------

  ALTER TABLE "KH"."DEPARTMENT" ADD CONSTRAINT "DEPARTMENT_PK" PRIMARY KEY ("DEPT_ID")
  USING INDEX PCTFREE 10 INITRANS 2 MAXTRANS 255 COMPUTE STATISTICS 
  STORAGE(INITIAL 65536 NEXT 1048576 MINEXTENTS 1 MAXEXTENTS 2147483645
  PCTINCREASE 0 FREELISTS 1 FREELIST GROUPS 1 BUFFER_POOL DEFAULT FLASH_CACHE DEFAULT CELL_FLASH_CACHE DEFAULT)
  TABLESPACE "SYSTEM"  ENABLE;
  ALTER TABLE "KH"."DEPARTMENT" MODIFY ("LOCATION_ID" NOT NULL ENABLE);
  ALTER TABLE "KH"."DEPARTMENT" MODIFY ("DEPT_ID" NOT NULL ENABLE);

--------------------------------------------------------
--  DDL for Table EMPLOYEE
--------------------------------------------------------

  CREATE TABLE "KH"."EMPLOYEE" 
   (	"EMP_ID" VARCHAR2(3 BYTE), 
	"EMP_NAME" VARCHAR2(20 BYTE), 
	"EMP_NO" CHAR(14 BYTE), 
	"EMAIL" VARCHAR2(25 BYTE), 
	"PHONE" VARCHAR2(12 BYTE), 
	"DEPT_CODE" CHAR(2 BYTE), 
	"JOB_CODE" CHAR(2 BYTE), 
	"SALARY" NUMBER, 
	"BONUS" NUMBER, 
	"MANAGER_ID" VARCHAR2(3 BYTE), 
	"HIRE_DATE" DATE, 
	"ENT_DATE" DATE, 
	"ENT_YN" CHAR(1 BYTE) DEFAULT 'N'
   ) SEGMENT CREATION IMMEDIATE 
  PCTFREE 10 PCTUSED 40 INITRANS 1 MAXTRANS 255 NOCOMPRESS LOGGING
  STORAGE(INITIAL 65536 NEXT 1048576 MINEXTENTS 1 MAXEXTENTS 2147483645
  PCTINCREASE 0 FREELISTS 1 FREELIST GROUPS 1 BUFFER_POOL DEFAULT FLASH_CACHE DEFAULT CELL_FLASH_CACHE DEFAULT)
  TABLESPACE "SYSTEM" ;

   COMMENT ON COLUMN "KH"."EMPLOYEE"."EMP_ID" IS '사원번호';
   COMMENT ON COLUMN "KH"."EMPLOYEE"."EMP_NAME" IS '직원명';
   COMMENT ON COLUMN "KH"."EMPLOYEE"."EMP_NO" IS '주민등록번호';
   COMMENT ON COLUMN "KH"."EMPLOYEE"."EMAIL" IS '이메일';
   COMMENT ON COLUMN "KH"."EMPLOYEE"."PHONE" IS '전화번호';
   COMMENT ON COLUMN "KH"."EMPLOYEE"."DEPT_CODE" IS '부서코드';
   COMMENT ON COLUMN "KH"."EMPLOYEE"."JOB_CODE" IS '직급코드';
   COMMENT ON COLUMN "KH"."EMPLOYEE"."SALARY" IS '급여';
   COMMENT ON COLUMN "KH"."EMPLOYEE"."BONUS" IS '보너스율';
   COMMENT ON COLUMN "KH"."EMPLOYEE"."MANAGER_ID" IS '관리자사번';
   COMMENT ON COLUMN "KH"."EMPLOYEE"."HIRE_DATE" IS '입사일';
   COMMENT ON COLUMN "KH"."EMPLOYEE"."ENT_DATE" IS '퇴사일';
   COMMENT ON COLUMN "KH"."EMPLOYEE"."ENT_YN" IS '퇴직여부';
   COMMENT ON TABLE "KH"."EMPLOYEE"  IS '사원';
REM INSERTING into KH.EMPLOYEE
SET DEFINE OFF;
Insert into KH.EMPLOYEE (EMP_ID,EMP_NAME,EMP_NO,EMAIL,PHONE,DEPT_CODE,JOB_CODE,SALARY,BONUS,MANAGER_ID,HIRE_DATE,ENT_DATE,ENT_YN) values ('200','선동일','621235-1985634','sun_di@kh.or.kr','01099546325','D9','J1',8000000,0.3,null,to_date('90/02/06','RR/MM/DD'),null,'N');
Insert into KH.EMPLOYEE (EMP_ID,EMP_NAME,EMP_NO,EMAIL,PHONE,DEPT_CODE,JOB_CODE,SALARY,BONUS,MANAGER_ID,HIRE_DATE,ENT_DATE,ENT_YN) values ('201','송종기','631156-1548654','song_jk@kh.or.kr','01045686656','D9','J2',6000000,null,'200',to_date('01/09/01','RR/MM/DD'),null,'N');
Insert into KH.EMPLOYEE (EMP_ID,EMP_NAME,EMP_NO,EMAIL,PHONE,DEPT_CODE,JOB_CODE,SALARY,BONUS,MANAGER_ID,HIRE_DATE,ENT_DATE,ENT_YN) values ('202','노옹철','861015-1356452','no_hc@kh.or.kr','01066656263','D9','J2',3700000,null,'201',to_date('01/01/01','RR/MM/DD'),null,'N');
Insert into KH.EMPLOYEE (EMP_ID,EMP_NAME,EMP_NO,EMAIL,PHONE,DEPT_CODE,JOB_CODE,SALARY,BONUS,MANAGER_ID,HIRE_DATE,ENT_DATE,ENT_YN) values ('203','송은희','631010-2653546','song_eh@kh.or.kr','01077607879','D6','J4',2800000,null,'204',to_date('96/05/03','RR/MM/DD'),null,'N');
Insert into KH.EMPLOYEE (EMP_ID,EMP_NAME,EMP_NO,EMAIL,PHONE,DEPT_CODE,JOB_CODE,SALARY,BONUS,MANAGER_ID,HIRE_DATE,ENT_DATE,ENT_YN) values ('204','유재식','660508-1342154','yoo_js@kh.or.kr','01099999129','D6','J3',3400000,0.2,'200',to_date('00/12/29','RR/MM/DD'),null,'N');
Insert into KH.EMPLOYEE (EMP_ID,EMP_NAME,EMP_NO,EMAIL,PHONE,DEPT_CODE,JOB_CODE,SALARY,BONUS,MANAGER_ID,HIRE_DATE,ENT_DATE,ENT_YN) values ('205','정중하','770102-1357951','jung_jh@kh.or.kr','01036654875','D6','J3',3900000,null,'204',to_date('99/09/09','RR/MM/DD'),null,'N');
Insert into KH.EMPLOYEE (EMP_ID,EMP_NAME,EMP_NO,EMAIL,PHONE,DEPT_CODE,JOB_CODE,SALARY,BONUS,MANAGER_ID,HIRE_DATE,ENT_DATE,ENT_YN) values ('206','박나라','630709-2054321','pack_nr@kh.or.kr','01096935222','D5','J7',1800000,null,'207',to_date('08/04/02','RR/MM/DD'),null,'N');
Insert into KH.EMPLOYEE (EMP_ID,EMP_NAME,EMP_NO,EMAIL,PHONE,DEPT_CODE,JOB_CODE,SALARY,BONUS,MANAGER_ID,HIRE_DATE,ENT_DATE,ENT_YN) values ('207','하이유','690402-2040612','ha_iy@kh.or.kr','01036654488','D5','J5',2200000,0.1,'200',to_date('94/07/07','RR/MM/DD'),null,'N');
Insert into KH.EMPLOYEE (EMP_ID,EMP_NAME,EMP_NO,EMAIL,PHONE,DEPT_CODE,JOB_CODE,SALARY,BONUS,MANAGER_ID,HIRE_DATE,ENT_DATE,ENT_YN) values ('208','김해술','870927-1313564','kim_hs@kh.or.kr','01078634444','D5','J5',2500000,null,'207',to_date('04/04/30','RR/MM/DD'),null,'N');
Insert into KH.EMPLOYEE (EMP_ID,EMP_NAME,EMP_NO,EMAIL,PHONE,DEPT_CODE,JOB_CODE,SALARY,BONUS,MANAGER_ID,HIRE_DATE,ENT_DATE,ENT_YN) values ('209','심봉선','750206-1325546','sim_bs@kh.or.kr','0113654485','D5','J3',3500000,0.15,'207',to_date('11/11/11','RR/MM/DD'),null,'N');
Insert into KH.EMPLOYEE (EMP_ID,EMP_NAME,EMP_NO,EMAIL,PHONE,DEPT_CODE,JOB_CODE,SALARY,BONUS,MANAGER_ID,HIRE_DATE,ENT_DATE,ENT_YN) values ('210','윤은해','650505-2356985','youn_eh@kh.or.kr','0179964233','D5','J7',2000000,null,'207',to_date('01/02/03','RR/MM/DD'),null,'N');
Insert into KH.EMPLOYEE (EMP_ID,EMP_NAME,EMP_NO,EMAIL,PHONE,DEPT_CODE,JOB_CODE,SALARY,BONUS,MANAGER_ID,HIRE_DATE,ENT_DATE,ENT_YN) values ('211','전형돈','830807-1121321','jun_hd@kh.or.kr','01044432222','D8','J6',2000000,null,'200',to_date('12/12/12','RR/MM/DD'),null,'N');
Insert into KH.EMPLOYEE (EMP_ID,EMP_NAME,EMP_NO,EMAIL,PHONE,DEPT_CODE,JOB_CODE,SALARY,BONUS,MANAGER_ID,HIRE_DATE,ENT_DATE,ENT_YN) values ('212','장쯔위','780923-2234542','jang_zw@kh.or.kr','01066682224','D8','J6',2550000,0.25,'211',to_date('15/06/17','RR/MM/DD'),null,'N');
Insert into KH.EMPLOYEE (EMP_ID,EMP_NAME,EMP_NO,EMAIL,PHONE,DEPT_CODE,JOB_CODE,SALARY,BONUS,MANAGER_ID,HIRE_DATE,ENT_DATE,ENT_YN) values ('213','하동운','621111-1785463','ha_dh@kh.or.kr','01158456632',null,'J6',2320000,0.1,null,to_date('99/12/31','RR/MM/DD'),null,'N');
Insert into KH.EMPLOYEE (EMP_ID,EMP_NAME,EMP_NO,EMAIL,PHONE,DEPT_CODE,JOB_CODE,SALARY,BONUS,MANAGER_ID,HIRE_DATE,ENT_DATE,ENT_YN) values ('214','방명수','856795-1313513','bang_ms@kh.or.kr','01074127545','D1','J7',1380000,null,'200',to_date('10/04/04','RR/MM/DD'),null,'N');
Insert into KH.EMPLOYEE (EMP_ID,EMP_NAME,EMP_NO,EMAIL,PHONE,DEPT_CODE,JOB_CODE,SALARY,BONUS,MANAGER_ID,HIRE_DATE,ENT_DATE,ENT_YN) values ('215','대북혼','881130-1050911','dae_bh@kh.or.kr','01088808584','D5','J5',3760000,null,null,to_date('17/06/19','RR/MM/DD'),null,'N');
Insert into KH.EMPLOYEE (EMP_ID,EMP_NAME,EMP_NO,EMAIL,PHONE,DEPT_CODE,JOB_CODE,SALARY,BONUS,MANAGER_ID,HIRE_DATE,ENT_DATE,ENT_YN) values ('216','차태연','770808-1364897','cha_ty@kh.or.kr','01064643212','D1','J6',2780000,0.2,'214',to_date('13/03/01','RR/MM/DD'),null,'N');
Insert into KH.EMPLOYEE (EMP_ID,EMP_NAME,EMP_NO,EMAIL,PHONE,DEPT_CODE,JOB_CODE,SALARY,BONUS,MANAGER_ID,HIRE_DATE,ENT_DATE,ENT_YN) values ('217','전지연','770808-2665412','jun_jy@kh.or.kr','01033624442','D1','J6',3660000,0.3,'214',to_date('07/03/20','RR/MM/DD'),null,'N');
Insert into KH.EMPLOYEE (EMP_ID,EMP_NAME,EMP_NO,EMAIL,PHONE,DEPT_CODE,JOB_CODE,SALARY,BONUS,MANAGER_ID,HIRE_DATE,ENT_DATE,ENT_YN) values ('218','이오리','870427-2232123','loo_or@kh.or.kr','01022306545',null,'J7',2890000,null,null,to_date('16/11/28','RR/MM/DD'),null,'N');
Insert into KH.EMPLOYEE (EMP_ID,EMP_NAME,EMP_NO,EMAIL,PHONE,DEPT_CODE,JOB_CODE,SALARY,BONUS,MANAGER_ID,HIRE_DATE,ENT_DATE,ENT_YN) values ('219','임시환','660712-1212123','im_sw@kh.or.kr',null,'D2','J4',1550000,null,null,to_date('99/09/09','RR/MM/DD'),null,'N');
Insert into KH.EMPLOYEE (EMP_ID,EMP_NAME,EMP_NO,EMAIL,PHONE,DEPT_CODE,JOB_CODE,SALARY,BONUS,MANAGER_ID,HIRE_DATE,ENT_DATE,ENT_YN) values ('220','이중석','770823-1113111','lee_js@kh.or.kr',null,'D2','J4',2490000,null,null,to_date('14/09/18','RR/MM/DD'),null,'N');
Insert into KH.EMPLOYEE (EMP_ID,EMP_NAME,EMP_NO,EMAIL,PHONE,DEPT_CODE,JOB_CODE,SALARY,BONUS,MANAGER_ID,HIRE_DATE,ENT_DATE,ENT_YN) values ('221','유하진','800808-1123341','yoo_hj@kh.or.kr',null,'D2','J4',2480000,null,null,to_date('94/01/20','RR/MM/DD'),null,'N');
Insert into KH.EMPLOYEE (EMP_ID,EMP_NAME,EMP_NO,EMAIL,PHONE,DEPT_CODE,JOB_CODE,SALARY,BONUS,MANAGER_ID,HIRE_DATE,ENT_DATE,ENT_YN) values ('222','이태림','760918-2854697','lee_tr@kh.or.kr','01033000002','D8','J6',2436240,0.35,'100',to_date('97/09/12','RR/MM/DD'),to_date('17/09/12','RR/MM/DD'),'Y');
--------------------------------------------------------
--  DDL for Index 엔터티1_PK
--------------------------------------------------------

  CREATE UNIQUE INDEX "KH"."엔터티1_PK" ON "KH"."EMPLOYEE" ("EMP_ID") 
  PCTFREE 10 INITRANS 2 MAXTRANS 255 COMPUTE STATISTICS 
  STORAGE(INITIAL 65536 NEXT 1048576 MINEXTENTS 1 MAXEXTENTS 2147483645
  PCTINCREASE 0 FREELISTS 1 FREELIST GROUPS 1 BUFFER_POOL DEFAULT FLASH_CACHE DEFAULT CELL_FLASH_CACHE DEFAULT)
  TABLESPACE "SYSTEM" ;
--------------------------------------------------------
--  Constraints for Table EMPLOYEE
--------------------------------------------------------

  ALTER TABLE "KH"."EMPLOYEE" ADD CONSTRAINT "EMPLOYEE_PK" PRIMARY KEY ("EMP_ID")
  USING INDEX PCTFREE 10 INITRANS 2 MAXTRANS 255 COMPUTE STATISTICS 
  STORAGE(INITIAL 65536 NEXT 1048576 MINEXTENTS 1 MAXEXTENTS 2147483645
  PCTINCREASE 0 FREELISTS 1 FREELIST GROUPS 1 BUFFER_POOL DEFAULT FLASH_CACHE DEFAULT CELL_FLASH_CACHE DEFAULT)
  TABLESPACE "SYSTEM"  ENABLE;
  -- ALTER TABLE "KH"."EMPLOYEE" MODIFY ("JOB_CODE" NOT NULL ENABLE);
  ALTER TABLE "KH"."EMPLOYEE" MODIFY ("EMP_NO" NOT NULL ENABLE);
  ALTER TABLE "KH"."EMPLOYEE" MODIFY ("EMP_NAME" NOT NULL ENABLE);
  ALTER TABLE "KH"."EMPLOYEE" MODIFY ("EMP_ID" NOT NULL ENABLE);

--------------------------------------------------------
--  DDL for Table JOB
--------------------------------------------------------

  CREATE TABLE "KH"."JOB" 
   (	"JOB_CODE" CHAR(2 BYTE), 
	"JOB_NAME" VARCHAR2(35 BYTE)
   ) SEGMENT CREATION IMMEDIATE 
  PCTFREE 10 PCTUSED 40 INITRANS 1 MAXTRANS 255 NOCOMPRESS LOGGING
  STORAGE(INITIAL 65536 NEXT 1048576 MINEXTENTS 1 MAXEXTENTS 2147483645
  PCTINCREASE 0 FREELISTS 1 FREELIST GROUPS 1 BUFFER_POOL DEFAULT FLASH_CACHE DEFAULT CELL_FLASH_CACHE DEFAULT)
  TABLESPACE "SYSTEM" ;

   COMMENT ON COLUMN "KH"."JOB"."JOB_CODE" IS '직급코드';
   COMMENT ON COLUMN "KH"."JOB"."JOB_NAME" IS '직급명';
   COMMENT ON TABLE "KH"."JOB"  IS '직급';
REM INSERTING into KH.JOB
SET DEFINE OFF;
Insert into KH.JOB (JOB_CODE,JOB_NAME) values ('J1','대표');
Insert into KH.JOB (JOB_CODE,JOB_NAME) values ('J2','부사장');
Insert into KH.JOB (JOB_CODE,JOB_NAME) values ('J3','부장');
Insert into KH.JOB (JOB_CODE,JOB_NAME) values ('J4','차장');
Insert into KH.JOB (JOB_CODE,JOB_NAME) values ('J5','과장');
Insert into KH.JOB (JOB_CODE,JOB_NAME) values ('J6','대리');
Insert into KH.JOB (JOB_CODE,JOB_NAME) values ('J7','사원');
--------------------------------------------------------
--  DDL for Index 엔터티1_PK1
--------------------------------------------------------

  CREATE UNIQUE INDEX "KH"."엔터티1_PK1" ON "KH"."JOB" ("JOB_CODE") 
  PCTFREE 10 INITRANS 2 MAXTRANS 255 COMPUTE STATISTICS 
  STORAGE(INITIAL 65536 NEXT 1048576 MINEXTENTS 1 MAXEXTENTS 2147483645
  PCTINCREASE 0 FREELISTS 1 FREELIST GROUPS 1 BUFFER_POOL DEFAULT FLASH_CACHE DEFAULT CELL_FLASH_CACHE DEFAULT)
  TABLESPACE "SYSTEM" ;
--------------------------------------------------------
--  Constraints for Table JOB
--------------------------------------------------------

  ALTER TABLE "KH"."JOB" ADD CONSTRAINT "JOB_PK" PRIMARY KEY ("JOB_CODE")
  USING INDEX PCTFREE 10 INITRANS 2 MAXTRANS 255 COMPUTE STATISTICS 
  STORAGE(INITIAL 65536 NEXT 1048576 MINEXTENTS 1 MAXEXTENTS 2147483645
  PCTINCREASE 0 FREELISTS 1 FREELIST GROUPS 1 BUFFER_POOL DEFAULT FLASH_CACHE DEFAULT CELL_FLASH_CACHE DEFAULT)
  TABLESPACE "SYSTEM"  ENABLE;
  ALTER TABLE "KH"."JOB" MODIFY ("JOB_CODE" NOT NULL ENABLE);

--------------------------------------------------------
--  DDL for Table LOCATION
--------------------------------------------------------

  CREATE TABLE "KH"."LOCATION" 
   (	"LOCAL_CODE" CHAR(2 BYTE), 
	"NATIONAL_CODE" CHAR(2 BYTE), 
	"LOCAL_NAME" VARCHAR2(40 BYTE)
   ) SEGMENT CREATION IMMEDIATE 
  PCTFREE 10 PCTUSED 40 INITRANS 1 MAXTRANS 255 NOCOMPRESS LOGGING
  STORAGE(INITIAL 65536 NEXT 1048576 MINEXTENTS 1 MAXEXTENTS 2147483645
  PCTINCREASE 0 FREELISTS 1 FREELIST GROUPS 1 BUFFER_POOL DEFAULT FLASH_CACHE DEFAULT CELL_FLASH_CACHE DEFAULT)
  TABLESPACE "SYSTEM" ;

   COMMENT ON COLUMN "KH"."LOCATION"."LOCAL_CODE" IS '지역코드';
   COMMENT ON COLUMN "KH"."LOCATION"."NATIONAL_CODE" IS '국가코드';
   COMMENT ON COLUMN "KH"."LOCATION"."LOCAL_NAME" IS '지역명';
   COMMENT ON TABLE "KH"."LOCATION"  IS '지역';
REM INSERTING into KH.LOCATION
SET DEFINE OFF;
Insert into KH.LOCATION (LOCAL_CODE,NATIONAL_CODE,LOCAL_NAME) values ('L1','KO','ASIA1');
Insert into KH.LOCATION (LOCAL_CODE,NATIONAL_CODE,LOCAL_NAME) values ('L2','JP','ASIA2');
Insert into KH.LOCATION (LOCAL_CODE,NATIONAL_CODE,LOCAL_NAME) values ('L3','CH','ASIA3');
Insert into KH.LOCATION (LOCAL_CODE,NATIONAL_CODE,LOCAL_NAME) values ('L4','US','AMERICA');
Insert into KH.LOCATION (LOCAL_CODE,NATIONAL_CODE,LOCAL_NAME) values ('L5','RU','EU');
--------------------------------------------------------
--  DDL for Index 엔터티1_PK3
--------------------------------------------------------

  CREATE UNIQUE INDEX "KH"."엔터티1_PK3" ON "KH"."LOCATION" ("LOCAL_CODE") 
  PCTFREE 10 INITRANS 2 MAXTRANS 255 COMPUTE STATISTICS 
  STORAGE(INITIAL 65536 NEXT 1048576 MINEXTENTS 1 MAXEXTENTS 2147483645
  PCTINCREASE 0 FREELISTS 1 FREELIST GROUPS 1 BUFFER_POOL DEFAULT FLASH_CACHE DEFAULT CELL_FLASH_CACHE DEFAULT)
  TABLESPACE "SYSTEM" ;
--------------------------------------------------------
--  Constraints for Table LOCATION
--------------------------------------------------------

  ALTER TABLE "KH"."LOCATION" ADD CONSTRAINT "LOCATION_PK" PRIMARY KEY ("LOCAL_CODE")
  USING INDEX PCTFREE 10 INITRANS 2 MAXTRANS 255 COMPUTE STATISTICS 
  STORAGE(INITIAL 65536 NEXT 1048576 MINEXTENTS 1 MAXEXTENTS 2147483645
  PCTINCREASE 0 FREELISTS 1 FREELIST GROUPS 1 BUFFER_POOL DEFAULT FLASH_CACHE DEFAULT CELL_FLASH_CACHE DEFAULT)
  TABLESPACE "SYSTEM"  ENABLE;
  ALTER TABLE "KH"."LOCATION" MODIFY ("NATIONAL_CODE" NOT NULL ENABLE);
  ALTER TABLE "KH"."LOCATION" MODIFY ("LOCAL_CODE" NOT NULL ENABLE);

--------------------------------------------------------
--  DDL for Table NATIONAL
--------------------------------------------------------

  CREATE TABLE "KH"."NATIONAL" 
   (	"NATIONAL_CODE" CHAR(2 BYTE), 
	"NATIONAL_NAME" VARCHAR2(35 BYTE)
   ) SEGMENT CREATION IMMEDIATE 
  PCTFREE 10 PCTUSED 40 INITRANS 1 MAXTRANS 255 NOCOMPRESS LOGGING
  STORAGE(INITIAL 65536 NEXT 1048576 MINEXTENTS 1 MAXEXTENTS 2147483645
  PCTINCREASE 0 FREELISTS 1 FREELIST GROUPS 1 BUFFER_POOL DEFAULT FLASH_CACHE DEFAULT CELL_FLASH_CACHE DEFAULT)
  TABLESPACE "SYSTEM" ;

   COMMENT ON COLUMN "KH"."NATIONAL"."NATIONAL_CODE" IS '국가코드';
   COMMENT ON COLUMN "KH"."NATIONAL"."NATIONAL_NAME" IS '국가명';
   COMMENT ON TABLE "KH"."NATIONAL"  IS '국가';
REM INSERTING into KH.NATIONAL
SET DEFINE OFF;
Insert into KH.NATIONAL (NATIONAL_CODE,NATIONAL_NAME) values ('KO','한국');
Insert into KH.NATIONAL (NATIONAL_CODE,NATIONAL_NAME) values ('JP','일본');
Insert into KH.NATIONAL (NATIONAL_CODE,NATIONAL_NAME) values ('CH','중국');
Insert into KH.NATIONAL (NATIONAL_CODE,NATIONAL_NAME) values ('US','미국');
Insert into KH.NATIONAL (NATIONAL_CODE,NATIONAL_NAME) values ('RU','러시아');
--------------------------------------------------------
--  DDL for Index 엔터티1_PK4
--------------------------------------------------------

  CREATE UNIQUE INDEX "KH"."엔터티1_PK4" ON "KH"."NATIONAL" ("NATIONAL_CODE") 
  PCTFREE 10 INITRANS 2 MAXTRANS 255 COMPUTE STATISTICS 
  STORAGE(INITIAL 65536 NEXT 1048576 MINEXTENTS 1 MAXEXTENTS 2147483645
  PCTINCREASE 0 FREELISTS 1 FREELIST GROUPS 1 BUFFER_POOL DEFAULT FLASH_CACHE DEFAULT CELL_FLASH_CACHE DEFAULT)
  TABLESPACE "SYSTEM" ;
--------------------------------------------------------
--  Constraints for Table NATIONAL
--------------------------------------------------------

  ALTER TABLE "KH"."NATIONAL" ADD CONSTRAINT "NATIONAL_PK" PRIMARY KEY ("NATIONAL_CODE")
  USING INDEX PCTFREE 10 INITRANS 2 MAXTRANS 255 COMPUTE STATISTICS 
  STORAGE(INITIAL 65536 NEXT 1048576 MINEXTENTS 1 MAXEXTENTS 2147483645
  PCTINCREASE 0 FREELISTS 1 FREELIST GROUPS 1 BUFFER_POOL DEFAULT FLASH_CACHE DEFAULT CELL_FLASH_CACHE DEFAULT)
  TABLESPACE "SYSTEM"  ENABLE;
  ALTER TABLE "KH"."NATIONAL" MODIFY ("NATIONAL_CODE" NOT NULL ENABLE);

--------------------------------------------------------
--  DDL for Table SAL_GRADE
--------------------------------------------------------

  CREATE TABLE "KH"."SAL_GRADE" 
   (	"SAL_LEVEL" CHAR(2 BYTE), 
	"MIN_SAL" NUMBER, 
	"MAX_SAL" NUMBER
   ) SEGMENT CREATION IMMEDIATE 
  PCTFREE 10 PCTUSED 40 INITRANS 1 MAXTRANS 255 NOCOMPRESS LOGGING
  STORAGE(INITIAL 65536 NEXT 1048576 MINEXTENTS 1 MAXEXTENTS 2147483645
  PCTINCREASE 0 FREELISTS 1 FREELIST GROUPS 1 BUFFER_POOL DEFAULT FLASH_CACHE DEFAULT CELL_FLASH_CACHE DEFAULT)
  TABLESPACE "SYSTEM" ;

   COMMENT ON COLUMN "KH"."SAL_GRADE"."SAL_LEVEL" IS '급여등급';
   COMMENT ON COLUMN "KH"."SAL_GRADE"."MIN_SAL" IS '최소급여';
   COMMENT ON COLUMN "KH"."SAL_GRADE"."MAX_SAL" IS '최대급여';
   COMMENT ON TABLE "KH"."SAL_GRADE"  IS '급여등급';
REM INSERTING into KH.SAL_GRADE
SET DEFINE OFF;
Insert into KH.SAL_GRADE (SAL_LEVEL,MIN_SAL,MAX_SAL) values ('S1',6000000,10000000);
Insert into KH.SAL_GRADE (SAL_LEVEL,MIN_SAL,MAX_SAL) values ('S2',5000000,5999999);
Insert into KH.SAL_GRADE (SAL_LEVEL,MIN_SAL,MAX_SAL) values ('S3',4000000,4999999);
Insert into KH.SAL_GRADE (SAL_LEVEL,MIN_SAL,MAX_SAL) values ('S4',3000000,3999999);
Insert into KH.SAL_GRADE (SAL_LEVEL,MIN_SAL,MAX_SAL) values ('S5',2000000,2999999);
Insert into KH.SAL_GRADE (SAL_LEVEL,MIN_SAL,MAX_SAL) values ('S6',1000000,1999999);
--------------------------------------------------------
--  DDL for Index 엔터티2_PK
--------------------------------------------------------

  CREATE UNIQUE INDEX "KH"."엔터티2_PK" ON "KH"."SAL_GRADE" ("SAL_LEVEL") 
  PCTFREE 10 INITRANS 2 MAXTRANS 255 COMPUTE STATISTICS 
  STORAGE(INITIAL 65536 NEXT 1048576 MINEXTENTS 1 MAXEXTENTS 2147483645
  PCTINCREASE 0 FREELISTS 1 FREELIST GROUPS 1 BUFFER_POOL DEFAULT FLASH_CACHE DEFAULT CELL_FLASH_CACHE DEFAULT)
  TABLESPACE "SYSTEM" ;
--------------------------------------------------------
--  Constraints for Table SAL_GRADE
--------------------------------------------------------

  ALTER TABLE "KH"."SAL_GRADE" ADD CONSTRAINT "엔터티2_PK" PRIMARY KEY ("SAL_LEVEL")
  USING INDEX PCTFREE 10 INITRANS 2 MAXTRANS 255 COMPUTE STATISTICS 
  STORAGE(INITIAL 65536 NEXT 1048576 MINEXTENTS 1 MAXEXTENTS 2147483645
  PCTINCREASE 0 FREELISTS 1 FREELIST GROUPS 1 BUFFER_POOL DEFAULT FLASH_CACHE DEFAULT CELL_FLASH_CACHE DEFAULT)
  TABLESPACE "SYSTEM"  ENABLE;
  ALTER TABLE "KH"."SAL_GRADE" MODIFY ("SAL_LEVEL" NOT NULL ENABLE);


COMMIT;

-- SEQUENCES 생성
CREATE SEQUENCE MOVIE_SEQ START WITH 1 INCREMENT BY 1 NOCACHE NOCYCLE;
CREATE SEQUENCE ACTOR_SEQ START WITH 1 INCREMENT BY 1 NOCACHE NOCYCLE;
CREATE SEQUENCE REVIEW_SEQ START WITH 1 INCREMENT BY 1 NOCACHE NOCYCLE;

-- MOVIE 테이블 생성
CREATE TABLE MOVIE (
    MOVIE_ID NUMBER PRIMARY KEY,
    TITLE VARCHAR2(200),
    RELEASE_DATE DATE,
    GENRE VARCHAR2(100),
    DIRECTOR VARCHAR2(100)
);

-- ACTOR 테이블 생성
CREATE TABLE ACTOR (
    ACTOR_ID NUMBER PRIMARY KEY,
    NAME VARCHAR2(100),
    BIRTHDATE DATE,
    NATIONALITY VARCHAR2(50)
);

-- MOVIE_ACTOR 테이블 생성 (MOVIE, ACTOR 연결)
CREATE TABLE MOVIE_ACTOR (
    MOVIE_ID NUMBER REFERENCES MOVIE(MOVIE_ID),
    ACTOR_ID NUMBER REFERENCES ACTOR(ACTOR_ID),
    ROLE VARCHAR2(100),
    PRIMARY KEY (MOVIE_ID, ACTOR_ID)
);

-- REVIEW 테이블 생성 (USER_INFO, MOVIE 연결)
CREATE TABLE REVIEW (
    REVIEW_ID NUMBER PRIMARY KEY,
    MOVIE_ID NUMBER REFERENCES MOVIE(MOVIE_ID),
    USER_ID NUMBER REFERENCES USER_INFO(USER_ID),
    RATING NUMBER(2,1),
    "COMMENT" VARCHAR2(1000),
    REVIEW_DATE DATE
);

-- MOVIE 테이블에 데이터 삽입
INSERT INTO MOVIE (MOVIE_ID, TITLE, RELEASE_DATE, GENRE, DIRECTOR)
VALUES (MOVIE_SEQ.NEXTVAL, '명량', TO_DATE('2014-07-30', 'YYYY-MM-DD'), '전쟁, 드라마', '김한민');
INSERT INTO MOVIE (MOVIE_ID, TITLE, RELEASE_DATE, GENRE, DIRECTOR)
VALUES (MOVIE_SEQ.NEXTVAL, '도둑들', TO_DATE('2012-07-25', 'YYYY-MM-DD'), '범죄, 액션', '최동훈');
INSERT INTO MOVIE (MOVIE_ID, TITLE, RELEASE_DATE, GENRE, DIRECTOR)
VALUES (MOVIE_SEQ.NEXTVAL, '베테랑', TO_DATE('2015-08-05', 'YYYY-MM-DD'), '액션, 코미디', '류승완');
INSERT INTO MOVIE (MOVIE_ID, TITLE, RELEASE_DATE, GENRE, DIRECTOR)
VALUES (MOVIE_SEQ.NEXTVAL, '광해, 왕이 된 남자', TO_DATE('2012-09-13', 'YYYY-MM-DD'), '사극, 드라마', '추창민');
INSERT INTO MOVIE (MOVIE_ID, TITLE, RELEASE_DATE, GENRE, DIRECTOR)
VALUES (MOVIE_SEQ.NEXTVAL, '7번방의 선물', TO_DATE('2013-01-23', 'YYYY-MM-DD'), '드라마, 코미디', '이환경');
INSERT INTO MOVIE (MOVIE_ID, TITLE, RELEASE_DATE, GENRE, DIRECTOR)
VALUES (MOVIE_SEQ.NEXTVAL, '암살', TO_DATE('2015-07-22', 'YYYY-MM-DD'), '액션, 드라마', '최동훈');
INSERT INTO MOVIE (MOVIE_ID, TITLE, RELEASE_DATE, GENRE, DIRECTOR)
VALUES (MOVIE_SEQ.NEXTVAL, '국제시장', TO_DATE('2014-12-17', 'YYYY-MM-DD'), '드라마', '윤제균');
INSERT INTO MOVIE (MOVIE_ID, TITLE, RELEASE_DATE, GENRE, DIRECTOR)
VALUES (MOVIE_SEQ.NEXTVAL, '해운대', TO_DATE('2009-07-22', 'YYYY-MM-DD'), '재난, 드라마', '윤제균');
INSERT INTO MOVIE (MOVIE_ID, TITLE, RELEASE_DATE, GENRE, DIRECTOR)
VALUES (MOVIE_SEQ.NEXTVAL, '신과함께-죄와 벌', TO_DATE('2017-12-20', 'YYYY-MM-DD'), '판타지, 드라마', '김용화');
INSERT INTO MOVIE (MOVIE_ID, TITLE, RELEASE_DATE, GENRE, DIRECTOR)
VALUES (MOVIE_SEQ.NEXTVAL, '부산행', TO_DATE('2016-07-20', 'YYYY-MM-DD'), '액션, 스릴러', '연상호');
INSERT INTO MOVIE (MOVIE_ID, TITLE, RELEASE_DATE, GENRE, DIRECTOR)
VALUES (MOVIE_SEQ.NEXTVAL, '터널', TO_DATE('2016-08-10', 'YYYY-MM-DD'), '드라마, 스릴러', '김성훈');
INSERT INTO MOVIE (MOVIE_ID, TITLE, RELEASE_DATE, GENRE, DIRECTOR)
VALUES (MOVIE_SEQ.NEXTVAL, '곡성', TO_DATE('2016-05-12', 'YYYY-MM-DD'), '미스터리, 스릴러', '나홍진');
INSERT INTO MOVIE (MOVIE_ID, TITLE, RELEASE_DATE, GENRE, DIRECTOR)
VALUES (MOVIE_SEQ.NEXTVAL, '택시운전사', TO_DATE('2017-08-02', 'YYYY-MM-DD'), '드라마', '장훈');
INSERT INTO MOVIE (MOVIE_ID, TITLE, RELEASE_DATE, GENRE, DIRECTOR)
VALUES (MOVIE_SEQ.NEXTVAL, '1987', TO_DATE('2017-12-27', 'YYYY-MM-DD'), '드라마', '장준환');
INSERT INTO MOVIE (MOVIE_ID, TITLE, RELEASE_DATE, GENRE, DIRECTOR)
VALUES (MOVIE_SEQ.NEXTVAL, '신과함께-인과 연', TO_DATE('2018-08-01', 'YYYY-MM-DD'), '판타지, 드라마', '김용화');
INSERT INTO MOVIE (MOVIE_ID, TITLE, RELEASE_DATE, GENRE, DIRECTOR)
VALUES (MOVIE_SEQ.NEXTVAL, '공조', TO_DATE('2017-01-18', 'YYYY-MM-DD'), '액션, 코미디', '김성훈');
INSERT INTO MOVIE (MOVIE_ID, TITLE, RELEASE_DATE, GENRE, DIRECTOR)
VALUES (MOVIE_SEQ.NEXTVAL, '범죄도시', TO_DATE('2017-10-03', 'YYYY-MM-DD'), '액션, 범죄', '강윤성');
INSERT INTO MOVIE (MOVIE_ID, TITLE, RELEASE_DATE, GENRE, DIRECTOR)
VALUES (MOVIE_SEQ.NEXTVAL, '검사외전', TO_DATE('2016-02-03', 'YYYY-MM-DD'), '범죄, 코미디', '이일형');
INSERT INTO MOVIE (MOVIE_ID, TITLE, RELEASE_DATE, GENRE, DIRECTOR)
VALUES (MOVIE_SEQ.NEXTVAL, '내부자들', TO_DATE('2015-11-19', 'YYYY-MM-DD'), '범죄, 드라마', '우민호');
INSERT INTO MOVIE (MOVIE_ID, TITLE, RELEASE_DATE, GENRE, DIRECTOR)
VALUES (MOVIE_SEQ.NEXTVAL, '더 킹', TO_DATE('2017-01-18', 'YYYY-MM-DD'), '범죄, 드라마', '한재림');
INSERT INTO MOVIE (MOVIE_ID, TITLE, RELEASE_DATE, GENRE, DIRECTOR)
VALUES (MOVIE_SEQ.NEXTVAL, '마스터', TO_DATE('2016-12-21', 'YYYY-MM-DD'), '범죄, 액션', '조의석');
INSERT INTO MOVIE (MOVIE_ID, TITLE, RELEASE_DATE, GENRE, DIRECTOR)
VALUES (MOVIE_SEQ.NEXTVAL, '밀정', TO_DATE('2016-09-07', 'YYYY-MM-DD'), '스릴러', '김지운');
INSERT INTO MOVIE (MOVIE_ID, TITLE, RELEASE_DATE, GENRE, DIRECTOR)
VALUES (MOVIE_SEQ.NEXTVAL, '공작', TO_DATE('2018-08-08', 'YYYY-MM-DD'), '스릴러', '윤종빈');
INSERT INTO MOVIE (MOVIE_ID, TITLE, RELEASE_DATE, GENRE, DIRECTOR)
VALUES (MOVIE_SEQ.NEXTVAL, '마약왕', TO_DATE('2018-12-19', 'YYYY-MM-DD'), '범죄, 드라마', '우민호');
INSERT INTO MOVIE (MOVIE_ID, TITLE, RELEASE_DATE, GENRE, DIRECTOR)
VALUES (MOVIE_SEQ.NEXTVAL, '암수살인', TO_DATE('2018-10-03', 'YYYY-MM-DD'), '스릴러', '김태균');
INSERT INTO MOVIE (MOVIE_ID, TITLE, RELEASE_DATE, GENRE, DIRECTOR)
VALUES (MOVIE_SEQ.NEXTVAL, '극한직업', TO_DATE('2019-01-23', 'YYYY-MM-DD'), '코미디, 액션', '이병헌');
INSERT INTO MOVIE (MOVIE_ID, TITLE, RELEASE_DATE, GENRE, DIRECTOR)
VALUES (MOVIE_SEQ.NEXTVAL, '기생충', TO_DATE('2019-05-30', 'YYYY-MM-DD'), '드라마', '봉준호');
INSERT INTO MOVIE (MOVIE_ID, TITLE, RELEASE_DATE, GENRE, DIRECTOR)
VALUES (MOVIE_SEQ.NEXTVAL, '백두산', TO_DATE('2019-12-19', 'YYYY-MM-DD'), '액션, 드라마', '이병헌');
INSERT INTO MOVIE (MOVIE_ID, TITLE, RELEASE_DATE, GENRE, DIRECTOR)
VALUES (MOVIE_SEQ.NEXTVAL, '남산의 부장들', TO_DATE('2020-01-22', 'YYYY-MM-DD'), '드라마', '우민호');
INSERT INTO MOVIE (MOVIE_ID, TITLE, RELEASE_DATE, GENRE, DIRECTOR)
VALUES (MOVIE_SEQ.NEXTVAL, '다만 악에서 구하소서', TO_DATE('2020-08-05', 'YYYY-MM-DD'), '액션, 스릴러', '홍원찬');
INSERT INTO MOVIE (MOVIE_ID, TITLE, RELEASE_DATE, GENRE, DIRECTOR)
VALUES (MOVIE_SEQ.NEXTVAL, '서복', TO_DATE('2021-04-15', 'YYYY-MM-DD'), 'SF, 드라마', '이용주');
INSERT INTO MOVIE (MOVIE_ID, TITLE, RELEASE_DATE, GENRE, DIRECTOR)
VALUES (MOVIE_SEQ.NEXTVAL, '모가디슈', TO_DATE('2021-07-28', 'YYYY-MM-DD'), '액션, 드라마', '류승완');
INSERT INTO MOVIE (MOVIE_ID, TITLE, RELEASE_DATE, GENRE, DIRECTOR)
VALUES (MOVIE_SEQ.NEXTVAL, '싱크홀', TO_DATE('2021-08-11', 'YYYY-MM-DD'), '재난, 코미디', '김지훈');
INSERT INTO MOVIE (MOVIE_ID, TITLE, RELEASE_DATE, GENRE, DIRECTOR)
VALUES (MOVIE_SEQ.NEXTVAL, '파묘', TO_DATE('2024-02-22', 'YYYY-MM-DD'), '미스터리, 스릴러', '장재현');
INSERT INTO MOVIE (MOVIE_ID, TITLE, RELEASE_DATE, GENRE, DIRECTOR)
VALUES (MOVIE_SEQ.NEXTVAL, '외계+인 2부', TO_DATE('2024-01-10', 'YYYY-MM-DD'), '액션, 드라마, 판타지', '최동훈');
INSERT INTO MOVIE (MOVIE_ID, TITLE, RELEASE_DATE, GENRE, DIRECTOR)
VALUES (MOVIE_SEQ.NEXTVAL, '시민덕희', TO_DATE('2024-01-24', 'YYYY-MM-DD'), '드라마', '박영주');
INSERT INTO MOVIE (MOVIE_ID, TITLE, RELEASE_DATE, GENRE, DIRECTOR)
VALUES (MOVIE_SEQ.NEXTVAL, '도그 데이즈', TO_DATE('2024-02-07', 'YYYY-MM-DD'), '드라마', '김덕민');
INSERT INTO MOVIE (MOVIE_ID, TITLE, RELEASE_DATE, GENRE, DIRECTOR)
VALUES (MOVIE_SEQ.NEXTVAL, '히트맨 2', TO_DATE('2025-01-22', 'YYYY-MM-DD'), '코미디', '최원섭');
INSERT INTO MOVIE (MOVIE_ID, TITLE, RELEASE_DATE, GENRE, DIRECTOR)
VALUES (MOVIE_SEQ.NEXTVAL, '검은 수녀들', TO_DATE('2025-01-24', 'YYYY-MM-DD'), '미스터리', '권혁재');
INSERT INTO MOVIE (MOVIE_ID, TITLE, RELEASE_DATE, GENRE, DIRECTOR)
VALUES (MOVIE_SEQ.NEXTVAL, '말할 수 없는 비밀', TO_DATE('2025-01-28', 'YYYY-MM-DD'), '판타지', '서유민');
INSERT INTO MOVIE (MOVIE_ID, TITLE, RELEASE_DATE, GENRE, DIRECTOR)
VALUES (MOVIE_SEQ.NEXTVAL, '브로큰', TO_DATE('2025-02-05', 'YYYY-MM-DD'), '범죄', '김진황');
INSERT INTO MOVIE (MOVIE_ID, TITLE, RELEASE_DATE, GENRE, DIRECTOR)
VALUES (MOVIE_SEQ.NEXTVAL, '스트리밍', TO_DATE('2025-03-21', 'YYYY-MM-DD'), '스릴러', '조창호');
INSERT INTO MOVIE (MOVIE_ID, TITLE, RELEASE_DATE, GENRE, DIRECTOR)
VALUES (MOVIE_SEQ.NEXTVAL, '로비', TO_DATE('2025-04-02', 'YYYY-MM-DD'), '드라마', '하정우');
INSERT INTO MOVIE (MOVIE_ID, TITLE, RELEASE_DATE, GENRE, DIRECTOR)
VALUES (MOVIE_SEQ.NEXTVAL, '마루이 비디오', TO_DATE('2024-04-24', 'YYYY-MM-DD'), '스릴러', '김진환');
INSERT INTO MOVIE (MOVIE_ID, TITLE, RELEASE_DATE, GENRE, DIRECTOR)
VALUES (MOVIE_SEQ.NEXTVAL, '탈출: PROJECT SILENCE', TO_DATE('2024-07-10', 'YYYY-MM-DD'), '스릴러', '김태곤');
INSERT INTO MOVIE (MOVIE_ID, TITLE, RELEASE_DATE, GENRE, DIRECTOR)
VALUES (MOVIE_SEQ.NEXTVAL, '비상선언', TO_DATE('2024-08-21', 'YYYY-MM-DD'), '재난, 드라마', '한재림');
INSERT INTO MOVIE (MOVIE_ID, TITLE, RELEASE_DATE, GENRE, DIRECTOR)
VALUES (MOVIE_SEQ.NEXTVAL, '하이재킹', TO_DATE('2024-05-15', 'YYYY-MM-DD'), '액션, 스릴러', '김성훈');
INSERT INTO MOVIE (MOVIE_ID, TITLE, RELEASE_DATE, GENRE, DIRECTOR)
VALUES (MOVIE_SEQ.NEXTVAL, '노량: 죽음의 바다', TO_DATE('2024-12-20', 'YYYY-MM-DD'), '역사, 전쟁', '김한민');
INSERT INTO MOVIE (MOVIE_ID, TITLE, RELEASE_DATE, GENRE, DIRECTOR)
VALUES (MOVIE_SEQ.NEXTVAL, '귀공자', TO_DATE('2024-06-26', 'YYYY-MM-DD'), '액션, 스릴러', '박훈정');
INSERT INTO MOVIE (MOVIE_ID, TITLE, RELEASE_DATE, GENRE, DIRECTOR)
VALUES (MOVIE_SEQ.NEXTVAL, '보호자', TO_DATE('2024-11-27', 'YYYY-MM-DD'), '드라마, 액션', '정우성');
INSERT INTO MOVIE (MOVIE_ID, TITLE, RELEASE_DATE, GENRE, DIRECTOR)
VALUES (MOVIE_SEQ.NEXTVAL, '밀수', TO_DATE('2024-09-18', 'YYYY-MM-DD'), '범죄, 드라마', '류승완');
INSERT INTO MOVIE (MOVIE_ID, TITLE, RELEASE_DATE, GENRE, DIRECTOR)
VALUES (MOVIE_SEQ.NEXTVAL, '정직한 후보 3', TO_DATE('2024-10-30', 'YYYY-MM-DD'), '코미디', '장유정');
INSERT INTO MOVIE (MOVIE_ID, TITLE, RELEASE_DATE, GENRE, DIRECTOR)
VALUES (MOVIE_SEQ.NEXTVAL, '청춘', TO_DATE('2024-11-13', 'YYYY-MM-DD'), '드라마', '박찬욱');
INSERT INTO MOVIE (MOVIE_ID, TITLE, RELEASE_DATE, GENRE, DIRECTOR)
VALUES (MOVIE_SEQ.NEXTVAL, '헤어질 결심', TO_DATE('2024-10-05', 'YYYY-MM-DD'), '로맨스, 스릴러', '박찬욱');
INSERT INTO MOVIE (MOVIE_ID, TITLE, RELEASE_DATE, GENRE, DIRECTOR)
VALUES (MOVIE_SEQ.NEXTVAL, '드림', TO_DATE('2024-06-01', 'YYYY-MM-DD'), '드라마', '이병헌');
INSERT INTO MOVIE (MOVIE_ID, TITLE, RELEASE_DATE, GENRE, DIRECTOR)
VALUES (MOVIE_SEQ.NEXTVAL, '헌트', TO_DATE('2024-08-03', 'YYYY-MM-DD'), '스릴러', '이정재');
INSERT INTO MOVIE (MOVIE_ID, TITLE, RELEASE_DATE, GENRE, DIRECTOR)
VALUES (MOVIE_SEQ.NEXTVAL, '콘크리트 유토피아', TO_DATE('2024-12-25', 'YYYY-MM-DD'), '드라마, 스릴러', '엄태화');
INSERT INTO MOVIE (MOVIE_ID, TITLE, RELEASE_DATE, GENRE, DIRECTOR)
VALUES (MOVIE_SEQ.NEXTVAL, '소울메이트', TO_DATE('2024-07-22', 'YYYY-MM-DD'), '드라마', '민용근');
INSERT INTO MOVIE (MOVIE_ID, TITLE, RELEASE_DATE, GENRE, DIRECTOR)
VALUES (MOVIE_SEQ.NEXTVAL, '영웅', TO_DATE('2024-10-14', 'YYYY-MM-DD'), '뮤지컬, 드라마', '윤제균');
INSERT INTO MOVIE (MOVIE_ID, TITLE, RELEASE_DATE, GENRE, DIRECTOR)
VALUES (MOVIE_SEQ.NEXTVAL, '경관의 피', TO_DATE('2024-12-13', 'YYYY-MM-DD'), '범죄, 스릴러', '이규만');
INSERT INTO MOVIE (MOVIE_ID, TITLE, RELEASE_DATE, GENRE, DIRECTOR)
VALUES (MOVIE_SEQ.NEXTVAL, '유체이탈자', TO_DATE('2024-10-07', 'YYYY-MM-DD'), '액션, 스릴러', '윤재근');
INSERT INTO MOVIE (MOVIE_ID, TITLE, RELEASE_DATE, GENRE, DIRECTOR)
VALUES (MOVIE_SEQ.NEXTVAL, '담보', TO_DATE('2024-12-29', 'YYYY-MM-DD'), '드라마', '강대규');
INSERT INTO MOVIE (MOVIE_ID, TITLE, RELEASE_DATE, GENRE, DIRECTOR)
VALUES (MOVIE_SEQ.NEXTVAL, '소리도 없이', TO_DATE('2024-08-15', 'YYYY-MM-DD'), '드라마', '홍의정');

-- ACTOR 테이블에 삽입
-- 배우 정보 삽입
INSERT INTO ACTOR (ACTOR_ID, NAME, BIRTHDATE, NATIONALITY)
VALUES (ACTOR_SEQ.NEXTVAL, '최민식', TO_DATE('1962-04-27', 'YYYY-MM-DD'), '대한민국');

INSERT INTO ACTOR (ACTOR_ID, NAME, BIRTHDATE, NATIONALITY)
VALUES (ACTOR_SEQ.NEXTVAL, '김윤석', TO_DATE('1968-01-21', 'YYYY-MM-DD'), '대한민국');

INSERT INTO ACTOR (ACTOR_ID, NAME, BIRTHDATE, NATIONALITY)
VALUES (ACTOR_SEQ.NEXTVAL, '하정우', TO_DATE('1978-03-11', 'YYYY-MM-DD'), '대한민국');

INSERT INTO ACTOR (ACTOR_ID, NAME, BIRTHDATE, NATIONALITY)
VALUES (ACTOR_SEQ.NEXTVAL, '황정민', TO_DATE('1970-09-01', 'YYYY-MM-DD'), '대한민국');

INSERT INTO ACTOR (ACTOR_ID, NAME, BIRTHDATE, NATIONALITY)
VALUES (ACTOR_SEQ.NEXTVAL, '류승룡', TO_DATE('1970-11-29', 'YYYY-MM-DD'), '대한민국');

INSERT INTO ACTOR (ACTOR_ID, NAME, BIRTHDATE, NATIONALITY)
VALUES (ACTOR_SEQ.NEXTVAL, '송강호', TO_DATE('1967-01-17', 'YYYY-MM-DD'), '대한민국');

INSERT INTO ACTOR (ACTOR_ID, NAME, BIRTHDATE, NATIONALITY)
VALUES (ACTOR_SEQ.NEXTVAL, '이병헌', TO_DATE('1970-07-12', 'YYYY-MM-DD'), '대한민국');

INSERT INTO ACTOR (ACTOR_ID, NAME, BIRTHDATE, NATIONALITY)
VALUES (ACTOR_SEQ.NEXTVAL, '조진웅', TO_DATE('1976-03-03', 'YYYY-MM-DD'), '대한민국');

INSERT INTO ACTOR (ACTOR_ID, NAME, BIRTHDATE, NATIONALITY)
VALUES (ACTOR_SEQ.NEXTVAL, '유해진', TO_DATE('1970-01-04', 'YYYY-MM-DD'), '대한민국');

INSERT INTO ACTOR (ACTOR_ID, NAME, BIRTHDATE, NATIONALITY)
VALUES (ACTOR_SEQ.NEXTVAL, '마동석', TO_DATE('1971-03-01', 'YYYY-MM-DD'), '대한민국');

INSERT INTO ACTOR (ACTOR_ID, NAME, BIRTHDATE, NATIONALITY)
VALUES (ACTOR_SEQ.NEXTVAL, '정우성', TO_DATE('1973-03-20', 'YYYY-MM-DD'), '대한민국');

INSERT INTO ACTOR (ACTOR_ID, NAME, BIRTHDATE, NATIONALITY)
VALUES (ACTOR_SEQ.NEXTVAL, '이정재', TO_DATE('1972-12-15', 'YYYY-MM-DD'), '대한민국');

INSERT INTO ACTOR (ACTOR_ID, NAME, BIRTHDATE, NATIONALITY)
VALUES (ACTOR_SEQ.NEXTVAL, '김혜수', TO_DATE('1970-09-05', 'YYYY-MM-DD'), '대한민국');

INSERT INTO ACTOR (ACTOR_ID, NAME, BIRTHDATE, NATIONALITY)
VALUES (ACTOR_SEQ.NEXTVAL, '전지현', TO_DATE('1981-10-30', 'YYYY-MM-DD'), '대한민국');

INSERT INTO ACTOR (ACTOR_ID, NAME, BIRTHDATE, NATIONALITY)
VALUES (ACTOR_SEQ.NEXTVAL, '조정석', TO_DATE('1980-12-26', 'YYYY-MM-DD'), '대한민국');

INSERT INTO ACTOR (ACTOR_ID, NAME, BIRTHDATE, NATIONALITY)
VALUES (ACTOR_SEQ.NEXTVAL, '김태리', TO_DATE('1990-04-24', 'YYYY-MM-DD'), '대한민국');

INSERT INTO ACTOR (ACTOR_ID, NAME, BIRTHDATE, NATIONALITY)
VALUES (ACTOR_SEQ.NEXTVAL, '박보검', TO_DATE('1993-06-16', 'YYYY-MM-DD'), '대한민국');

INSERT INTO ACTOR (ACTOR_ID, NAME, BIRTHDATE, NATIONALITY)
VALUES (ACTOR_SEQ.NEXTVAL, '김수현', TO_DATE('1988-02-16', 'YYYY-MM-DD'), '대한민국');

INSERT INTO ACTOR (ACTOR_ID, NAME, BIRTHDATE, NATIONALITY)
VALUES (ACTOR_SEQ.NEXTVAL, '수지', TO_DATE('1994-10-10', 'YYYY-MM-DD'), '대한민국');

INSERT INTO ACTOR (ACTOR_ID, NAME, BIRTHDATE, NATIONALITY)
VALUES (ACTOR_SEQ.NEXTVAL, '이정은', TO_DATE('1970-01-06', 'YYYY-MM-DD'), '대한민국');

INSERT INTO MOVIE_ACTOR (MOVIE_ID, ACTOR_ID, ROLE) VALUES (1, 1, '이순신');
INSERT INTO MOVIE_ACTOR (MOVIE_ID, ACTOR_ID, ROLE) VALUES (2, 14, '예니콜');
INSERT INTO MOVIE_ACTOR (MOVIE_ID, ACTOR_ID, ROLE) VALUES (2, 12, '뽀빠이');
INSERT INTO MOVIE_ACTOR (MOVIE_ID, ACTOR_ID, ROLE) VALUES (3, 4, '서도철');
INSERT INTO MOVIE_ACTOR (MOVIE_ID, ACTOR_ID, ROLE) VALUES (3, 9, '조태오');
INSERT INTO MOVIE_ACTOR (MOVIE_ID, ACTOR_ID, ROLE) VALUES (4, 6, '광해');
INSERT INTO MOVIE_ACTOR (MOVIE_ID, ACTOR_ID, ROLE) VALUES (5, 5, '용구');
INSERT INTO MOVIE_ACTOR (MOVIE_ID, ACTOR_ID, ROLE) VALUES (5, 10, '양호');
INSERT INTO MOVIE_ACTOR (MOVIE_ID, ACTOR_ID, ROLE) VALUES (6, 14, '안옥윤');
INSERT INTO MOVIE_ACTOR (MOVIE_ID, ACTOR_ID, ROLE) VALUES (6, 2, '염석진');
INSERT INTO MOVIE_ACTOR (MOVIE_ID, ACTOR_ID, ROLE) VALUES (7, 4, '덕수');
INSERT INTO MOVIE_ACTOR (MOVIE_ID, ACTOR_ID, ROLE) VALUES (8, 9, '만식');
INSERT INTO MOVIE_ACTOR (MOVIE_ID, ACTOR_ID, ROLE) VALUES (9, 3, '강림');
INSERT INTO MOVIE_ACTOR (MOVIE_ID, ACTOR_ID, ROLE) VALUES (9, 5, '해원맥');
INSERT INTO MOVIE_ACTOR (MOVIE_ID, ACTOR_ID, ROLE) VALUES (10, 6, '석우');
INSERT INTO MOVIE_ACTOR (MOVIE_ID, ACTOR_ID, ROLE) VALUES (11, 4, '정수');
INSERT INTO MOVIE_ACTOR (MOVIE_ID, ACTOR_ID, ROLE) VALUES (12, 6, '종구');
INSERT INTO MOVIE_ACTOR (MOVIE_ID, ACTOR_ID, ROLE) VALUES (13, 6, '김만섭');
INSERT INTO MOVIE_ACTOR (MOVIE_ID, ACTOR_ID, ROLE) VALUES (14, 2, '박처장');
INSERT INTO MOVIE_ACTOR (MOVIE_ID, ACTOR_ID, ROLE) VALUES (15, 3, '강림');
INSERT INTO MOVIE_ACTOR (MOVIE_ID, ACTOR_ID, ROLE) VALUES (15, 5, '해원맥');
INSERT INTO MOVIE_ACTOR (MOVIE_ID, ACTOR_ID, ROLE) VALUES (16, 7, '림철령');
INSERT INTO MOVIE_ACTOR (MOVIE_ID, ACTOR_ID, ROLE) VALUES (16, 9, '강진태');
INSERT INTO MOVIE_ACTOR (MOVIE_ID, ACTOR_ID, ROLE) VALUES (17, 10, '마석도');
INSERT INTO MOVIE_ACTOR (MOVIE_ID, ACTOR_ID, ROLE) VALUES (18, 7, '변재욱');
INSERT INTO MOVIE_ACTOR (MOVIE_ID, ACTOR_ID, ROLE) VALUES (19, 7, '안상구');
INSERT INTO MOVIE_ACTOR (MOVIE_ID, ACTOR_ID, ROLE) VALUES (20, 7, '박태수');
INSERT INTO MOVIE_ACTOR (MOVIE_ID, ACTOR_ID, ROLE) VALUES (21, 7, '김재명');
INSERT INTO MOVIE_ACTOR (MOVIE_ID, ACTOR_ID, ROLE) VALUES (22, 2, '이정출');
INSERT INTO MOVIE_ACTOR (MOVIE_ID, ACTOR_ID, ROLE) VALUES (23, 7, '박석영');
INSERT INTO MOVIE_ACTOR (MOVIE_ID, ACTOR_ID, ROLE) VALUES (24, 6, '이두삼');
INSERT INTO MOVIE_ACTOR (MOVIE_ID, ACTOR_ID, ROLE) VALUES (25, 2, '김형민');
INSERT INTO MOVIE_ACTOR (MOVIE_ID, ACTOR_ID, ROLE) VALUES (26, 5, '고반장');
INSERT INTO MOVIE_ACTOR (MOVIE_ID, ACTOR_ID, ROLE) VALUES (27, 6, '기택');
INSERT INTO MOVIE_ACTOR (MOVIE_ID, ACTOR_ID, ROLE) VALUES (28, 7, '조인창');
INSERT INTO MOVIE_ACTOR (MOVIE_ID, ACTOR_ID, ROLE) VALUES (29, 2, '김규평');
INSERT INTO MOVIE_ACTOR (MOVIE_ID, ACTOR_ID, ROLE) VALUES (30, 7, '인남');
INSERT INTO MOVIE_ACTOR (MOVIE_ID, ACTOR_ID, ROLE) VALUES (31, 7, '기헌');
INSERT INTO MOVIE_ACTOR (MOVIE_ID, ACTOR_ID, ROLE) VALUES (32, 4, '한신성');
INSERT INTO MOVIE_ACTOR (MOVIE_ID, ACTOR_ID, ROLE) VALUES (33, 9, '동원');
INSERT INTO MOVIE_ACTOR (MOVIE_ID, ACTOR_ID, ROLE) VALUES (34, 6, '상훈');
INSERT INTO MOVIE_ACTOR (MOVIE_ID, ACTOR_ID, ROLE) VALUES (35, 14, '이안');
INSERT INTO MOVIE_ACTOR (MOVIE_ID, ACTOR_ID, ROLE) VALUES (36, 13, '덕희');
INSERT INTO MOVIE_ACTOR (MOVIE_ID, ACTOR_ID, ROLE) VALUES (37, 3, '주인공');
INSERT INTO MOVIE_ACTOR (MOVIE_ID, ACTOR_ID, ROLE) VALUES (38, 3, '준');
INSERT INTO MOVIE_ACTOR (MOVIE_ID, ACTOR_ID, ROLE) VALUES (39, 16, '수녀');
INSERT INTO MOVIE_ACTOR (MOVIE_ID, ACTOR_ID, ROLE) VALUES (40, 17, '주인공');
INSERT INTO MOVIE_ACTOR (MOVIE_ID, ACTOR_ID, ROLE) VALUES (41, 18, '형사');
INSERT INTO MOVIE_ACTOR (MOVIE_ID, ACTOR_ID, ROLE) VALUES (42, 19, '주인공');
INSERT INTO MOVIE_ACTOR (MOVIE_ID, ACTOR_ID, ROLE) VALUES (43, 3, '로비스트');
INSERT INTO MOVIE_ACTOR (MOVIE_ID, ACTOR_ID, ROLE) VALUES (44, 20, '주인공');
INSERT INTO MOVIE_ACTOR (MOVIE_ID, ACTOR_ID, ROLE) VALUES (45, 3, '주인공');

COMMIT;

ALTER SESSION SET NLS_DATE_FORMAT = 'YYYY-MM-DD';
SELECT * FROM REVIEW;
INSERT INTO REVIEW (REVIEW_ID, MOVIE_ID, USER_ID, RATING, "COMMENT", REVIEW_DATE)
VALUES (REVIEW_SEQ.NEXTVAL, 1, 3, 4.5, '긴장감 넘치는 전투 장면!', TO_DATE('2024-05-25', 'YYYY-MM-DD'));

INSERT INTO REVIEW (REVIEW_ID, MOVIE_ID, USER_ID, RATING, "COMMENT", REVIEW_DATE)
VALUES (REVIEW_SEQ.NEXTVAL, 5, 8, 3.0, '감동적이지만 조금 지루했음.', TO_DATE('2024-05-28', 'YYYY-MM-DD'));

INSERT INTO REVIEW (REVIEW_ID, MOVIE_ID, USER_ID, RATING, "COMMENT", REVIEW_DATE)
VALUES (REVIEW_SEQ.NEXTVAL, 10, 1, 4.8, '좀비 액션이 최고였어요!', TO_DATE('2024-06-01', 'YYYY-MM-DD'));

INSERT INTO REVIEW (REVIEW_ID, MOVIE_ID, USER_ID, RATING, "COMMENT", REVIEW_DATE)
VALUES (REVIEW_SEQ.NEXTVAL, 15, 7, 2.5, '스토리가 아쉬웠음.', TO_DATE('2024-05-30', 'YYYY-MM-DD'));

INSERT INTO REVIEW (REVIEW_ID, MOVIE_ID, USER_ID, RATING, "COMMENT", REVIEW_DATE)
VALUES (REVIEW_SEQ.NEXTVAL, 21, 5, 4.2, '배우들 연기력이 대단!', TO_DATE('2024-05-29', 'YYYY-MM-DD'));

INSERT INTO REVIEW (REVIEW_ID, MOVIE_ID, USER_ID, RATING, "COMMENT", REVIEW_DATE)
VALUES (REVIEW_SEQ.NEXTVAL, 27, 11, 5.0, '명작 그 자체, 몰입감 최고!', TO_DATE('2024-06-02', 'YYYY-MM-DD'));

INSERT INTO REVIEW (REVIEW_ID, MOVIE_ID, USER_ID, RATING, "COMMENT", REVIEW_DATE)
VALUES (REVIEW_SEQ.NEXTVAL, 30, 4, 3.7, '액션은 멋졌지만 스토리가 약해요.', TO_DATE('2024-06-01', 'YYYY-MM-DD'));

INSERT INTO REVIEW (REVIEW_ID, MOVIE_ID, USER_ID, RATING, "COMMENT", REVIEW_DATE)
VALUES (REVIEW_SEQ.NEXTVAL, 33, 10, 4.0, '코믹 요소가 잘 살아있음.', TO_DATE('2024-05-27', 'YYYY-MM-DD'));

INSERT INTO REVIEW (REVIEW_ID, MOVIE_ID, USER_ID, RATING, "COMMENT", REVIEW_DATE)
VALUES (REVIEW_SEQ.NEXTVAL, 39, 14, 2.0, '스토리가 너무 평범해요.', TO_DATE('2024-05-26', 'YYYY-MM-DD'));

INSERT INTO REVIEW (REVIEW_ID, MOVIE_ID, USER_ID, RATING, "COMMENT", REVIEW_DATE)
VALUES (REVIEW_SEQ.NEXTVAL, 42, 9, 4.5, '긴박한 전개가 좋았어요.', TO_DATE('2024-06-01', 'YYYY-MM-DD'));

INSERT INTO REVIEW (REVIEW_ID, MOVIE_ID, USER_ID, RATING, "COMMENT", REVIEW_DATE) VALUES (REVIEW_SEQ.NEXTVAL, 33, 23, 3.1, '생각보다 평범했어요.', TO_DATE('2024-05-25', 'YYYY-MM-DD'));
INSERT INTO REVIEW (REVIEW_ID, MOVIE_ID, USER_ID, RATING, "COMMENT", REVIEW_DATE) VALUES (REVIEW_SEQ.NEXTVAL, 28, 6, 2.0, '화려한 액션!', TO_DATE('2024-05-31', 'YYYY-MM-DD'));
INSERT INTO REVIEW (REVIEW_ID, MOVIE_ID, USER_ID, RATING, "COMMENT", REVIEW_DATE) VALUES (REVIEW_SEQ.NEXTVAL, 40, 3, 3.5, '생각보다 평범했어요.', TO_DATE('2024-05-26', 'YYYY-MM-DD'));
INSERT INTO REVIEW (REVIEW_ID, MOVIE_ID, USER_ID, RATING, "COMMENT", REVIEW_DATE) VALUES (REVIEW_SEQ.NEXTVAL, 37, 23, 2.3, '감동적이었어요.', TO_DATE('2024-05-25', 'YYYY-MM-DD'));
INSERT INTO REVIEW (REVIEW_ID, MOVIE_ID, USER_ID, RATING, "COMMENT", REVIEW_DATE) VALUES (REVIEW_SEQ.NEXTVAL, 32, 7, 3.0, '스토리가 탄탄했음.', TO_DATE('2024-05-28', 'YYYY-MM-DD'));
INSERT INTO REVIEW (REVIEW_ID, MOVIE_ID, USER_ID, RATING, "COMMENT", REVIEW_DATE) VALUES (REVIEW_SEQ.NEXTVAL, 27, 16, 2.9, '긴박감 넘쳤습니다.', TO_DATE('2024-05-25', 'YYYY-MM-DD'));
INSERT INTO REVIEW (REVIEW_ID, MOVIE_ID, USER_ID, RATING, "COMMENT", REVIEW_DATE) VALUES (REVIEW_SEQ.NEXTVAL, 23, 8, 1.8, '생각보다 평범했어요.', TO_DATE('2024-06-01', 'YYYY-MM-DD'));
INSERT INTO REVIEW (REVIEW_ID, MOVIE_ID, USER_ID, RATING, "COMMENT", REVIEW_DATE) VALUES (REVIEW_SEQ.NEXTVAL, 35, 19, 1.0, '지루하진 않았어요.', TO_DATE('2024-05-26', 'YYYY-MM-DD'));
INSERT INTO REVIEW (REVIEW_ID, MOVIE_ID, USER_ID, RATING, "COMMENT", REVIEW_DATE) VALUES (REVIEW_SEQ.NEXTVAL, 18, 12, 3.7, '지루하진 않았어요.', TO_DATE('2024-06-01', 'YYYY-MM-DD'));
INSERT INTO REVIEW (REVIEW_ID, MOVIE_ID, USER_ID, RATING, "COMMENT", REVIEW_DATE) VALUES (REVIEW_SEQ.NEXTVAL, 39, 17, 4.8, '재밌게 봤어요!', TO_DATE('2024-05-29', 'YYYY-MM-DD'));
INSERT INTO REVIEW (REVIEW_ID, MOVIE_ID, USER_ID, RATING, "COMMENT", REVIEW_DATE) VALUES (REVIEW_SEQ.NEXTVAL, 4, 21, 1.2, '화려한 액션!', TO_DATE('2024-05-25', 'YYYY-MM-DD'));
INSERT INTO REVIEW (REVIEW_ID, MOVIE_ID, USER_ID, RATING, "COMMENT", REVIEW_DATE) VALUES (REVIEW_SEQ.NEXTVAL, 44, 14, 1.8, '긴박감 넘쳤습니다.', TO_DATE('2024-06-01', 'YYYY-MM-DD'));
INSERT INTO REVIEW (REVIEW_ID, MOVIE_ID, USER_ID, RATING, "COMMENT", REVIEW_DATE) VALUES (REVIEW_SEQ.NEXTVAL, 26, 21, 4.3, '시간 가는 줄 몰랐음.', TO_DATE('2024-05-26', 'YYYY-MM-DD'));
INSERT INTO REVIEW (REVIEW_ID, MOVIE_ID, USER_ID, RATING, "COMMENT", REVIEW_DATE) VALUES (REVIEW_SEQ.NEXTVAL, 29, 7, 2.7, '스토리 전개가 흥미로웠음.', TO_DATE('2024-05-29', 'YYYY-MM-DD'));
INSERT INTO REVIEW (REVIEW_ID, MOVIE_ID, USER_ID, RATING, "COMMENT", REVIEW_DATE) VALUES (REVIEW_SEQ.NEXTVAL, 14, 7, 3.4, '스토리가 탄탄했음.', TO_DATE('2024-06-01', 'YYYY-MM-DD'));
INSERT INTO REVIEW (REVIEW_ID, MOVIE_ID, USER_ID, RATING, "COMMENT", REVIEW_DATE) VALUES (REVIEW_SEQ.NEXTVAL, 18, 20, 3.7, '연기력이 좋았어요.', TO_DATE('2024-05-27', 'YYYY-MM-DD'));
INSERT INTO REVIEW (REVIEW_ID, MOVIE_ID, USER_ID, RATING, "COMMENT", REVIEW_DATE) VALUES (REVIEW_SEQ.NEXTVAL, 44, 10, 2.3, '화려한 액션!', TO_DATE('2024-05-25', 'YYYY-MM-DD'));
INSERT INTO REVIEW (REVIEW_ID, MOVIE_ID, USER_ID, RATING, "COMMENT", REVIEW_DATE) VALUES (REVIEW_SEQ.NEXTVAL, 43, 2, 4.3, '연기력이 좋았어요.', TO_DATE('2024-05-25', 'YYYY-MM-DD'));
INSERT INTO REVIEW (REVIEW_ID, MOVIE_ID, USER_ID, RATING, "COMMENT", REVIEW_DATE) VALUES (REVIEW_SEQ.NEXTVAL, 8, 12, 4.0, '시간 가는 줄 몰랐음.', TO_DATE('2024-05-25', 'YYYY-MM-DD'));
INSERT INTO REVIEW (REVIEW_ID, MOVIE_ID, USER_ID, RATING, "COMMENT", REVIEW_DATE) VALUES (REVIEW_SEQ.NEXTVAL, 50, 24, 1.2, '시간 가는 줄 몰랐음.', TO_DATE('2024-05-30', 'YYYY-MM-DD'));
INSERT INTO REVIEW (REVIEW_ID, MOVIE_ID, USER_ID, RATING, "COMMENT", REVIEW_DATE) VALUES (REVIEW_SEQ.NEXTVAL, 28, 14, 1.2, '긴박감 넘쳤습니다.', TO_DATE('2024-05-30', 'YYYY-MM-DD'));
INSERT INTO REVIEW (REVIEW_ID, MOVIE_ID, USER_ID, RATING, "COMMENT", REVIEW_DATE) VALUES (REVIEW_SEQ.NEXTVAL, 44, 3, 3.1, '지루하진 않았어요.', TO_DATE('2024-05-26', 'YYYY-MM-DD'));
INSERT INTO REVIEW (REVIEW_ID, MOVIE_ID, USER_ID, RATING, "COMMENT", REVIEW_DATE) VALUES (REVIEW_SEQ.NEXTVAL, 11, 4, 3.9, '재밌게 봤어요!', TO_DATE('2024-05-27', 'YYYY-MM-DD'));
INSERT INTO REVIEW (REVIEW_ID, MOVIE_ID, USER_ID, RATING, "COMMENT", REVIEW_DATE) VALUES (REVIEW_SEQ.NEXTVAL, 42, 2, 3.0, '스토리가 탄탄했음.', TO_DATE('2024-06-01', 'YYYY-MM-DD'));
INSERT INTO REVIEW (REVIEW_ID, MOVIE_ID, USER_ID, RATING, "COMMENT", REVIEW_DATE) VALUES (REVIEW_SEQ.NEXTVAL, 38, 8, 3.8, '생각보다 평범했어요.', TO_DATE('2024-05-30', 'YYYY-MM-DD'));
INSERT INTO REVIEW (REVIEW_ID, MOVIE_ID, USER_ID, RATING, "COMMENT", REVIEW_DATE) VALUES (REVIEW_SEQ.NEXTVAL, 40, 19, 3.3, '감동적이었어요.', TO_DATE('2024-05-25', 'YYYY-MM-DD'));
INSERT INTO REVIEW (REVIEW_ID, MOVIE_ID, USER_ID, RATING, "COMMENT", REVIEW_DATE) VALUES (REVIEW_SEQ.NEXTVAL, 31, 4, 3.3, '감동적이었어요.', TO_DATE('2024-05-31', 'YYYY-MM-DD'));
INSERT INTO REVIEW (REVIEW_ID, MOVIE_ID, USER_ID, RATING, "COMMENT", REVIEW_DATE) VALUES (REVIEW_SEQ.NEXTVAL, 43, 9, 2.9, '재밌게 봤어요!', TO_DATE('2024-06-01', 'YYYY-MM-DD'));
INSERT INTO REVIEW (REVIEW_ID, MOVIE_ID, USER_ID, RATING, "COMMENT", REVIEW_DATE) VALUES (REVIEW_SEQ.NEXTVAL, 37, 12, 4.2, '지루하진 않았어요.', TO_DATE('2024-05-26', 'YYYY-MM-DD'));
INSERT INTO REVIEW (REVIEW_ID, MOVIE_ID, USER_ID, RATING, "COMMENT", REVIEW_DATE) VALUES (REVIEW_SEQ.NEXTVAL, 23, 20, 4.1, '감동적이었어요.', TO_DATE('2024-06-01', 'YYYY-MM-DD'));



COMMIT;
